model_names_test_type	R2	mae	mse	rmse	pearsonr	spearmanr	model_names	test_type	dataset	model_type
PDBbind_minimized_intersected_Uw_complex_6A_1_valid	0.38459132095132686	0.9588441848754883	1.5136337280273438	1.230298227271479	0.621354369672869	0.5619117555316924	PDBbind_minimized_intersected_Uw_complex_6A_1	valid	PIP	complex
PDBbind_minimized_intersected_Uw_complex_6A_1_train	0.5487991255255654	0.8682365417480469	1.2182070016860962	1.103724151084	0.7428557068116818	0.6965560749378974	PDBbind_minimized_intersected_Uw_complex_6A_1	train	PIP	complex
PDBbind_minimized_intersected_Uw_complex_6A_1_test	0.4744445723150631	0.9317248463630676	1.3980746269226074	1.182402058067647	0.6946762283047518	0.648518658654922	PDBbind_minimized_intersected_Uw_complex_6A_1	test	PIP	complex
PDBbind_minimized_intersected_Uw_complex_6A_1_CASF_v16_minimized	0.5140767944023781	1.1949816942214966	2.289259195327759	1.5130298064901957	0.7211674842055495	0.7234276933550658	PDBbind_minimized_intersected_Uw_complex_6A_1	CASF_v16_minimized	PIP	complex
PDBbind_minimized_intersected_Uw_complex_6A_1_CASF_v16_intersected_Uw_minimized	0.5722481934760857	1.095176339149475	1.8571223020553589	1.362762746062336	0.7921174939548805	0.743649535946699	PDBbind_minimized_intersected_Uw_complex_6A_1	CASF_v16_intersected_Uw_minimized	PIP	complex
PDBbind_minimized_intersected_Uw_complex_6A_1_CASF_v16_original	0.25818937531548014	1.4700732231140137	3.494784116744995	1.8694341702089954	0.521007088144207	0.5081497112555483	PDBbind_minimized_intersected_Uw_complex_6A_1	CASF_v16_original	PIP	complex
PDBbind_minimized_intersected_Uw_complex_6A_1_CASF_v16_intersected_Uw_original	0.40469427368393707	1.2522698640823364	2.5845720767974854	1.6076604357878206	0.661089141095294	0.6179501757334614	PDBbind_minimized_intersected_Uw_complex_6A_1	CASF_v16_intersected_Uw_original	PIP	complex
PDBbind_minimized_intersected_Uw_complex_6A_2_valid	0.44157525675875386	0.9510758519172668	1.5028176307678223	1.2258946246589966	0.668136197364982	0.594755339264404	PDBbind_minimized_intersected_Uw_complex_6A_2	valid	PIP	complex
PDBbind_minimized_intersected_Uw_complex_6A_2_train	0.5433023170939718	0.8669642806053162	1.2244428396224976	1.1065454530305103	0.738510192469669	0.6869134266835185	PDBbind_minimized_intersected_Uw_complex_6A_2	train	PIP	complex
PDBbind_minimized_intersected_Uw_complex_6A_2_test	0.4337404938810633	0.9561949372291565	1.4623057842254639	1.2092583612385999	0.6592939376546498	0.5989472966361508	PDBbind_minimized_intersected_Uw_complex_6A_2	test	PIP	complex
PDBbind_minimized_intersected_Uw_complex_6A_2_CASF_v16_minimized	0.5474730518535209	1.1614357233047485	2.1319241523742676	1.4601110068670353	0.7461452687243741	0.749403557268651	PDBbind_minimized_intersected_Uw_complex_6A_2	CASF_v16_minimized	PIP	complex
PDBbind_minimized_intersected_Uw_complex_6A_2_CASF_v16_intersected_Uw_minimized	0.6259773832110082	1.0244578123092651	1.623852252960205	1.27430461545119	0.8370507551150306	0.8078525615412059	PDBbind_minimized_intersected_Uw_complex_6A_2	CASF_v16_intersected_Uw_minimized	PIP	complex
PDBbind_minimized_intersected_Uw_complex_6A_2_CASF_v16_original	0.4342113835347433	1.306355595588684	2.665517568588257	1.6326412859499349	0.6634044262458556	0.6611835442805566	PDBbind_minimized_intersected_Uw_complex_6A_2	CASF_v16_original	PIP	complex
PDBbind_minimized_intersected_Uw_complex_6A_2_CASF_v16_intersected_Uw_original	0.4722527916174353	1.1996484994888306	2.2912611961364746	1.513691248615937	0.7286645448111685	0.7327833159069207	PDBbind_minimized_intersected_Uw_complex_6A_2	CASF_v16_intersected_Uw_original	PIP	complex
PDBbind_minimized_intersected_Uw_complex_6A_3_valid	0.4216905170161651	0.9815544486045837	1.5872645378112793	1.2598668730509899	0.6511168010920538	0.6073802700585194	PDBbind_minimized_intersected_Uw_complex_6A_3	valid	PIP	complex
PDBbind_minimized_intersected_Uw_complex_6A_3_train	0.5385155375205353	0.865484356880188	1.2281678915023804	1.1082273645341827	0.7357926916605237	0.6858638859779456	PDBbind_minimized_intersected_Uw_complex_6A_3	train	PIP	complex
PDBbind_minimized_intersected_Uw_complex_6A_3_test	0.46076187782875744	0.9364984631538391	1.4382535219192505	1.1992720800215648	0.679523298391966	0.6310145458283359	PDBbind_minimized_intersected_Uw_complex_6A_3	test	PIP	complex
PDBbind_minimized_intersected_Uw_complex_6A_3_CASF_v16_minimized	0.515405764633021	1.191935420036316	2.2829983234405518	1.5109594049611497	0.7234991074023653	0.7299179657878484	PDBbind_minimized_intersected_Uw_complex_6A_3	CASF_v16_minimized	PIP	complex
PDBbind_minimized_intersected_Uw_complex_6A_3_CASF_v16_intersected_Uw_minimized	0.5771633507436076	1.0774476528167725	1.835782766342163	1.3549106119379843	0.8085733377368602	0.7803989816440464	PDBbind_minimized_intersected_Uw_complex_6A_3	CASF_v16_intersected_Uw_minimized	PIP	complex
PDBbind_minimized_intersected_Uw_complex_6A_3_CASF_v16_original	0.34672076835608723	1.363886833190918	3.0776991844177246	1.7543372493388278	0.5891340666294699	0.5678091559890149	PDBbind_minimized_intersected_Uw_complex_6A_3	CASF_v16_original	PIP	complex
PDBbind_minimized_intersected_Uw_complex_6A_3_CASF_v16_intersected_Uw_original	0.401230387877757	1.2514933347702026	2.599611282348633	1.6123310089273333	0.6604523382592176	0.6338431075853957	PDBbind_minimized_intersected_Uw_complex_6A_3	CASF_v16_intersected_Uw_original	PIP	complex
PDBbind_minimized_intersected_Uw_complex_6A_4_valid	0.4312112431681723	0.9739735126495361	1.5542423725128174	1.2466925733767797	0.659450625512185	0.5924449110017508	PDBbind_minimized_intersected_Uw_complex_6A_4	valid	PIP	complex
PDBbind_minimized_intersected_Uw_complex_6A_4_train	0.5762886214075396	0.826918363571167	1.1263757944107056	1.061308529321566	0.7606871209702194	0.715660095710441	PDBbind_minimized_intersected_Uw_complex_6A_4	train	PIP	complex
PDBbind_minimized_intersected_Uw_complex_6A_4_test	0.49127604440918293	0.9138017296791077	1.3846153020858765	1.176696775760806	0.7013308546114619	0.6625158847210187	PDBbind_minimized_intersected_Uw_complex_6A_4	test	PIP	complex
PDBbind_minimized_intersected_Uw_complex_6A_4_CASF_v16_minimized	0.5219333857874946	1.1891969442367554	2.2522456645965576	1.5007483681805414	0.7260906192417276	0.7290670247176877	PDBbind_minimized_intersected_Uw_complex_6A_4	CASF_v16_minimized	PIP	complex
PDBbind_minimized_intersected_Uw_complex_6A_4_CASF_v16_intersected_Uw_minimized	0.5944788417513214	1.0523325204849243	1.760605812072754	1.32687822051338	0.8068844484722313	0.7546972542151736	PDBbind_minimized_intersected_Uw_complex_6A_4	CASF_v16_intersected_Uw_minimized	PIP	complex
PDBbind_minimized_intersected_Uw_complex_6A_4_CASF_v16_original	0.29820174065633676	1.432510495185852	3.3062798976898193	1.818317875864894	0.5541455014510622	0.5424146691148359	PDBbind_minimized_intersected_Uw_complex_6A_4	CASF_v16_original	PIP	complex
PDBbind_minimized_intersected_Uw_complex_6A_4_CASF_v16_intersected_Uw_original	0.32926671881378744	1.3390318155288696	2.9120476245880127	1.7064722747785892	0.5817238321814922	0.5953299725787597	PDBbind_minimized_intersected_Uw_complex_6A_4	CASF_v16_intersected_Uw_original	PIP	complex
PDBbind_minimized_intersected_Uw_complex_6A_5_valid	0.45351006189426846	0.9467458724975586	1.4750012159347534	1.2144962807414246	0.674044321994087	0.6162031879448304	PDBbind_minimized_intersected_Uw_complex_6A_5	valid	PIP	complex
PDBbind_minimized_intersected_Uw_complex_6A_5_train	0.5468494235140724	0.864716649055481	1.2131028175354004	1.101409468606204	0.7411158725088931	0.6978585360809326	PDBbind_minimized_intersected_Uw_complex_6A_5	train	PIP	complex
PDBbind_minimized_intersected_Uw_complex_6A_5_test	0.34922414731760965	1.0219894647598267	1.695705533027649	1.3021925867657398	0.6007568886672593	0.5385769831482436	PDBbind_minimized_intersected_Uw_complex_6A_5	test	PIP	complex
PDBbind_minimized_intersected_Uw_complex_6A_5_CASF_v16_minimized	0.5370790722892937	1.1746786832809448	2.180891990661621	1.4767843412840012	0.7396723162677254	0.7413267449971678	PDBbind_minimized_intersected_Uw_complex_6A_5	CASF_v16_minimized	PIP	complex
PDBbind_minimized_intersected_Uw_complex_6A_5_CASF_v16_intersected_Uw_minimized	0.5915303671035634	1.0659888982772827	1.7734068632125854	1.3316932316463073	0.8093440454151548	0.7867632564894214	PDBbind_minimized_intersected_Uw_complex_6A_5	CASF_v16_intersected_Uw_minimized	PIP	complex
PDBbind_minimized_intersected_Uw_complex_6A_5_CASF_v16_original	0.4140266551219507	1.3104110956192017	2.760610818862915	1.6615085972882941	0.6503714099975801	0.6379297586852254	PDBbind_minimized_intersected_Uw_complex_6A_5	CASF_v16_original	PIP	complex
PDBbind_minimized_intersected_Uw_complex_6A_5_CASF_v16_intersected_Uw_original	0.5380120548215253	1.120654582977295	2.0057616233825684	1.4162491388814922	0.7527895355847242	0.7143928106035777	PDBbind_minimized_intersected_Uw_complex_6A_5	CASF_v16_intersected_Uw_original	PIP	complex
PDBbind_minimized_intersected_Uw_lig_alone_1_valid	0.2709362587950016	1.055357575416565	1.793175220489502	1.3390949258695224	0.5341306025530125	0.44458252073493476	PDBbind_minimized_intersected_Uw_lig_alone_1	valid	PIP	ligand_alone
PDBbind_minimized_intersected_Uw_lig_alone_1_train	0.5170841040871124	0.8910560607910156	1.303835153579712	1.141856012630188	0.7198549271740332	0.671120935336316	PDBbind_minimized_intersected_Uw_lig_alone_1	train	PIP	ligand_alone
PDBbind_minimized_intersected_Uw_lig_alone_1_test	0.3392929512969005	1.0623432397842407	1.7576029300689697	1.3257461785986675	0.5898853699049286	0.5137405119759321	PDBbind_minimized_intersected_Uw_lig_alone_1	test	PIP	ligand_alone
PDBbind_minimized_intersected_Uw_lig_alone_1_CASF_v16_minimized	0.3260547500549019	1.4053887128829956	3.175060272216797	1.7818698808321547	0.5757145836975419	0.555630823311128	PDBbind_minimized_intersected_Uw_lig_alone_1	CASF_v16_minimized	PIP	ligand_alone
PDBbind_minimized_intersected_Uw_lig_alone_1_CASF_v16_intersected_Uw_minimized	0.4005432325934366	1.2756694555282593	2.6025943756103516	1.6132558308000475	0.6408113669168545	0.5381777586077401	PDBbind_minimized_intersected_Uw_lig_alone_1	CASF_v16_intersected_Uw_minimized	PIP	ligand_alone
PDBbind_minimized_intersected_Uw_lig_alone_1_CASF_v16_original	0.19260652334643402	1.5239847898483276	3.803755521774292	1.950321902090599	0.4881324169155309	0.45887807196491837	PDBbind_minimized_intersected_Uw_lig_alone_1	CASF_v16_original	PIP	ligand_alone
PDBbind_minimized_intersected_Uw_lig_alone_1_CASF_v16_intersected_Uw_original	0.3022098540872461	1.3704999685287476	3.029517412185669	1.74055089330524	0.5505224633073035	0.45462544358873325	PDBbind_minimized_intersected_Uw_lig_alone_1	CASF_v16_intersected_Uw_original	PIP	ligand_alone
PDBbind_minimized_intersected_Uw_lig_alone_2_valid	0.376004835879462	1.0135517120361328	1.67927885055542	1.295869920383763	0.6160690870641463	0.5064433763503854	PDBbind_minimized_intersected_Uw_lig_alone_2	valid	PIP	ligand_alone
PDBbind_minimized_intersected_Uw_lig_alone_2_train	0.4280805640708669	0.9714713096618652	1.533361554145813	1.2382897698623747	0.6556757808245537	0.5798506092979652	PDBbind_minimized_intersected_Uw_lig_alone_2	train	PIP	ligand_alone
PDBbind_minimized_intersected_Uw_lig_alone_2_test	0.3218653132394823	1.0483108758926392	1.7512117624282837	1.3233335794229222	0.5708886244542097	0.48569679628763013	PDBbind_minimized_intersected_Uw_lig_alone_2	test	PIP	ligand_alone
PDBbind_minimized_intersected_Uw_lig_alone_2_CASF_v16_minimized	0.39971343449509145	1.312225341796875	2.828042507171631	1.6816784791307853	0.6342532867838122	0.650937778346233	PDBbind_minimized_intersected_Uw_lig_alone_2	CASF_v16_minimized	PIP	ligand_alone
PDBbind_minimized_intersected_Uw_lig_alone_2_CASF_v16_intersected_Uw_minimized	0.41259453902831256	1.2466638088226318	2.550272226333618	1.596957177363757	0.663784913800425	0.6718472584289485	PDBbind_minimized_intersected_Uw_lig_alone_2	CASF_v16_intersected_Uw_minimized	PIP	ligand_alone
PDBbind_minimized_intersected_Uw_lig_alone_2_CASF_v16_original	0.35905101636862136	1.3588560819625854	3.0196096897125244	1.7377024169035746	0.5994069154304797	0.5906176425412343	PDBbind_minimized_intersected_Uw_lig_alone_2	CASF_v16_original	PIP	ligand_alone
PDBbind_minimized_intersected_Uw_lig_alone_2_CASF_v16_intersected_Uw_original	0.3775325407471951	1.2993190288543701	2.7024974822998047	1.6439274565198443	0.6391200858926569	0.5930494078790531	PDBbind_minimized_intersected_Uw_lig_alone_2	CASF_v16_intersected_Uw_original	PIP	ligand_alone
PDBbind_minimized_intersected_Uw_lig_alone_3_valid	0.31668724487901	1.0730445384979248	1.8754632472991943	1.3694755373131695	0.5869858523475044	0.5406277669783071	PDBbind_minimized_intersected_Uw_lig_alone_3	valid	PIP	ligand_alone
PDBbind_minimized_intersected_Uw_lig_alone_3_train	0.6161542649517144	0.7880611419677734	1.0215445756912231	1.0107148834815995	0.7861095686071905	0.7382354596329713	PDBbind_minimized_intersected_Uw_lig_alone_3	train	PIP	ligand_alone
PDBbind_minimized_intersected_Uw_lig_alone_3_test	0.3632039125773652	1.0049957036972046	1.6984597444534302	1.303249686151288	0.6173536272792772	0.5397728078657633	PDBbind_minimized_intersected_Uw_lig_alone_3	test	PIP	ligand_alone
PDBbind_minimized_intersected_Uw_lig_alone_3_CASF_v16_minimized	0.4113993642152458	1.2989243268966675	2.7729880809783936	1.665229137679975	0.6436726564103181	0.645139041330809	PDBbind_minimized_intersected_Uw_lig_alone_3	CASF_v16_minimized	PIP	ligand_alone
PDBbind_minimized_intersected_Uw_lig_alone_3_CASF_v16_intersected_Uw_minimized	0.5112697515275628	1.1229815483093262	2.1218655109405518	1.456662456075721	0.7366908751424799	0.6806854330437282	PDBbind_minimized_intersected_Uw_lig_alone_3	CASF_v16_intersected_Uw_minimized	PIP	ligand_alone
PDBbind_minimized_intersected_Uw_lig_alone_3_CASF_v16_original	0.25398317208668986	1.4552115201950073	3.5146002769470215	1.874726720604105	0.5390771336024074	0.5286853064753767	PDBbind_minimized_intersected_Uw_lig_alone_3	CASF_v16_original	PIP	ligand_alone
PDBbind_minimized_intersected_Uw_lig_alone_3_CASF_v16_intersected_Uw_original	0.2934152720524864	1.3254941701889038	3.067699909210205	1.7514850582320722	0.5622220518819112	0.4720255998615808	PDBbind_minimized_intersected_Uw_lig_alone_3	CASF_v16_intersected_Uw_original	PIP	ligand_alone
PDBbind_minimized_intersected_Uw_lig_alone_4_valid	0.3599878381849796	1.043370246887207	1.7488638162612915	1.3224461487188397	0.6074117150800027	0.5069088823579846	PDBbind_minimized_intersected_Uw_lig_alone_4	valid	PIP	ligand_alone
PDBbind_minimized_intersected_Uw_lig_alone_4_train	0.4866987380755048	0.916357159614563	1.3645374774932861	1.1681341864243535	0.6981333608313544	0.63578047035613	PDBbind_minimized_intersected_Uw_lig_alone_4	train	PIP	ligand_alone
PDBbind_minimized_intersected_Uw_lig_alone_4_test	0.36901638621440147	1.0119507312774658	1.7173744440078735	1.3104863387337822	0.6100546409662229	0.5697830231667742	PDBbind_minimized_intersected_Uw_lig_alone_4	test	PIP	ligand_alone
PDBbind_minimized_intersected_Uw_lig_alone_4_CASF_v16_minimized	0.38131341641338534	1.353054404258728	2.9147281646728516	1.707257498057294	0.6176170771044633	0.6270253752488371	PDBbind_minimized_intersected_Uw_lig_alone_4	CASF_v16_minimized	PIP	ligand_alone
PDBbind_minimized_intersected_Uw_lig_alone_4_CASF_v16_intersected_Uw_minimized	0.4428810276238663	1.2530821561813354	2.418781280517578	1.5552431580037824	0.6912869830781094	0.6627486733121262	PDBbind_minimized_intersected_Uw_lig_alone_4	CASF_v16_intersected_Uw_minimized	PIP	ligand_alone
PDBbind_minimized_intersected_Uw_lig_alone_4_CASF_v16_original	0.27743827100843643	1.446660041809082	3.404099941253662	1.8450203091710569	0.537459663650266	0.5118087837768579	PDBbind_minimized_intersected_Uw_lig_alone_4	CASF_v16_original	PIP	ligand_alone
PDBbind_minimized_intersected_Uw_lig_alone_4_CASF_v16_intersected_Uw_original	0.3497612851740499	1.3073967695236206	2.823068618774414	1.6801989818989935	0.5951282045134398	0.52850311389549	PDBbind_minimized_intersected_Uw_lig_alone_4	CASF_v16_intersected_Uw_original	PIP	ligand_alone
PDBbind_minimized_intersected_Uw_lig_alone_5_valid	0.36176075496475335	1.042876958847046	1.7226366996765137	1.3124925522365885	0.6051049018688129	0.5216859718275615	PDBbind_minimized_intersected_Uw_lig_alone_5	valid	PIP	ligand_alone
PDBbind_minimized_intersected_Uw_lig_alone_5_train	0.4503845003968888	0.9564913511276245	1.4713432788848877	1.2129893976803292	0.6778606463863618	0.6112012673468631	PDBbind_minimized_intersected_Uw_lig_alone_5	train	PIP	ligand_alone
PDBbind_minimized_intersected_Uw_lig_alone_5_test	0.25732341281159066	1.0882809162139893	1.9351681470870972	1.391103212233764	0.5294430158950463	0.47563708814059197	PDBbind_minimized_intersected_Uw_lig_alone_5	test	PIP	ligand_alone
PDBbind_minimized_intersected_Uw_lig_alone_5_CASF_v16_minimized	0.36779022527278526	1.3807554244995117	2.978437662124634	1.7258150718210319	0.6073854830288377	0.6149626440687543	PDBbind_minimized_intersected_Uw_lig_alone_5	CASF_v16_minimized	PIP	ligand_alone
PDBbind_minimized_intersected_Uw_lig_alone_5_CASF_v16_intersected_Uw_minimized	0.3890496506181368	1.3139066696166992	2.6524946689605713	1.6286481108454862	0.6594460499992512	0.5939647902498696	PDBbind_minimized_intersected_Uw_lig_alone_5	CASF_v16_intersected_Uw_minimized	PIP	ligand_alone
PDBbind_minimized_intersected_Uw_lig_alone_5_CASF_v16_original	0.2961373826284458	1.4491796493530273	3.316005229949951	1.820990178433138	0.5453629597779092	0.5352634464143379	PDBbind_minimized_intersected_Uw_lig_alone_5	CASF_v16_original	PIP	ligand_alone
PDBbind_minimized_intersected_Uw_lig_alone_5_CASF_v16_intersected_Uw_original	0.2923288457707084	1.4235905408859253	3.0724165439605713	1.7528310083863108	0.5667791046049666	0.5048807248692909	PDBbind_minimized_intersected_Uw_lig_alone_5	CASF_v16_intersected_Uw_original	PIP	ligand_alone
PLANet_Uw_complex_6A_1_valid	0.6057321949792449	0.6577734351158142	0.7503358721733093	0.8662192979686549	0.7808831663159838	0.758440755450434	PLANet_Uw_complex_6A_1	valid	PLANet	complex
PLANet_Uw_complex_6A_1_train	0.7979674364425737	0.48311418294906616	0.3920309841632843	0.6261237770307755	0.8948476934059154	0.8831781472300609	PLANet_Uw_complex_6A_1	train	PLANet	complex
PLANet_Uw_complex_6A_1_test	0.6026655140119737	0.676182210445404	0.8048726916313171	0.8971469732609686	0.7786195765684478	0.7589380923239688	PLANet_Uw_complex_6A_1	test	PLANet	complex
PLANet_Uw_complex_6A_1_CASF_v16_minimized	0.40204299088689677	1.2749426364898682	2.8170676231384277	1.6784122327778799	0.6513571495544983	0.6508846431286321	PLANet_Uw_complex_6A_1	CASF_v16_minimized	PLANet	complex
PLANet_Uw_complex_6A_1_CASF_v16_intersected_Uw_minimized	0.6857855914855797	0.9105421900749207	1.3641895055770874	1.1679852334584917	0.8736460889339095	0.8467405298462366	PLANet_Uw_complex_6A_1	CASF_v16_intersected_Uw_minimized	PLANet	complex
PLANet_Uw_complex_6A_1_CASF_v16_original	-0.18593055702123817	1.870156168937683	5.587101459503174	2.363705028023415	0.337506444631093	0.3325774741014423	PLANet_Uw_complex_6A_1	CASF_v16_original	PLANet	complex
PLANet_Uw_complex_6A_1_CASF_v16_intersected_Uw_original	0.16363668248860141	1.4457944631576538	3.6311447620391846	1.905556286767511	0.46793930784657933	0.4695753737741798	PLANet_Uw_complex_6A_1	CASF_v16_intersected_Uw_original	PLANet	complex
PLANet_Uw_complex_6A_2_valid	0.6094093076205249	0.65207439661026	0.7553630471229553	0.8691162448849724	0.7850910860242974	0.7646425278530757	PLANet_Uw_complex_6A_2	valid	PLANet	complex
PLANet_Uw_complex_6A_2_train	0.8742357714333222	0.3826701045036316	0.2459108531475067	0.495893993861094	0.9356561475747827	0.9277566529524678	PLANet_Uw_complex_6A_2	train	PLANet	complex
PLANet_Uw_complex_6A_2_test	0.5980622292144522	0.6539344191551208	0.7545732259750366	0.8686617442796918	0.7804243280190887	0.7680926202657272	PLANet_Uw_complex_6A_2	test	PLANet	complex
PLANet_Uw_complex_6A_2_CASF_v16_minimized	0.4606911220442953	1.2213006019592285	2.5407674312591553	1.593978491466919	0.6890474536286981	0.6839961779717104	PLANet_Uw_complex_6A_2	CASF_v16_minimized	PLANet	complex
PLANet_Uw_complex_6A_2_CASF_v16_intersected_Uw_minimized	0.6836125170733206	0.8795565962791443	1.3736242055892944	1.1720171524296452	0.8536243268508472	0.8492933418889878	PLANet_Uw_complex_6A_2	CASF_v16_intersected_Uw_minimized	PLANet	complex
PLANet_Uw_complex_6A_2_CASF_v16_original	0.2672491630812993	1.5063329935073853	3.4521021842956543	1.8579833649135975	0.5625863984992832	0.5381000894456627	PLANet_Uw_complex_6A_2	CASF_v16_original	PLANet	complex
PLANet_Uw_complex_6A_2_CASF_v16_intersected_Uw_original	0.3510303425725322	1.3561433553695679	2.817559242248535	1.6785586800134618	0.6363364010887244	0.5622499475920127	PLANet_Uw_complex_6A_2	CASF_v16_intersected_Uw_original	PLANet	complex
PLANet_Uw_complex_6A_3_valid	0.5952083332617312	0.6619482636451721	0.7581592202186584	0.8707233890384813	0.7749737416000692	0.7561233719239536	PLANet_Uw_complex_6A_3	valid	PLANet	complex
PLANet_Uw_complex_6A_3_train	0.7739606794639993	0.5082711577415466	0.44197800755500793	0.6648142654569078	0.8802664921906487	0.8654816126314294	PLANet_Uw_complex_6A_3	train	PLANet	complex
PLANet_Uw_complex_6A_3_test	0.6071525679878264	0.6534875631332397	0.7611576318740845	0.8724434834842223	0.7814052824659652	0.7630225610983408	PLANet_Uw_complex_6A_3	test	PLANet	complex
PLANet_Uw_complex_6A_3_CASF_v16_minimized	0.4813432990343801	1.1736422777175903	2.443471670150757	1.5631607947203503	0.7042299408149773	0.6929091571308996	PLANet_Uw_complex_6A_3	CASF_v16_minimized	PLANet	complex
PLANet_Uw_complex_6A_3_CASF_v16_intersected_Uw_minimized	0.6733198480305387	0.8902504444122314	1.4183106422424316	1.190928479062631	0.8696224908295057	0.8441403704394778	PLANet_Uw_complex_6A_3	CASF_v16_intersected_Uw_minimized	PLANet	complex
PLANet_Uw_complex_6A_3_CASF_v16_original	0.029808858682768835	1.731672763824463	4.570720195770264	2.1379242726930867	0.36818356714223754	0.3435847584226475	PLANet_Uw_complex_6A_3	CASF_v16_original	PLANet	complex
PLANet_Uw_complex_6A_3_CASF_v16_intersected_Uw_original	0.19990093154196353	1.465468406677246	3.473700761795044	1.863786672823648	0.5040158806459464	0.45934439753483886	PLANet_Uw_complex_6A_3	CASF_v16_intersected_Uw_original	PLANet	complex
PLANet_Uw_complex_6A_4_valid	0.6040280467426389	0.672872006893158	0.7867500185966492	0.8869893001590544	0.7846324781850372	0.7661558440022297	PLANet_Uw_complex_6A_4	valid	PLANet	complex
PLANet_Uw_complex_6A_4_train	0.8238510211156694	0.4527114927768707	0.3419204652309418	0.5847396559418061	0.9086785481890374	0.8985340607916399	PLANet_Uw_complex_6A_4	train	PLANet	complex
PLANet_Uw_complex_6A_4_test	0.6084432722942545	0.6577834486961365	0.7588102221488953	0.8710971370340367	0.7868149024124143	0.7660570775236465	PLANet_Uw_complex_6A_4	test	PLANet	complex
PLANet_Uw_complex_6A_4_CASF_v16_minimized	0.5119878937323712	1.1700143814086914	2.299100160598755	1.5162783915227291	0.733546244598209	0.7300024637436425	PLANet_Uw_complex_6A_4	CASF_v16_minimized	PLANet	complex
PLANet_Uw_complex_6A_4_CASF_v16_intersected_Uw_minimized	0.6889489858212692	0.8846776485443115	1.3504555225372314	1.1620910130180129	0.863353103236447	0.8369198974282961	PLANet_Uw_complex_6A_4	CASF_v16_intersected_Uw_minimized	PLANet	complex
PLANet_Uw_complex_6A_4_CASF_v16_original	0.08573164139672496	1.6534768342971802	4.3072590827941895	2.0753937175375157	0.4381054506831882	0.4485491040557175	PLANet_Uw_complex_6A_4	CASF_v16_original	PLANet	complex
PLANet_Uw_complex_6A_4_CASF_v16_intersected_Uw_original	0.22744753343350188	1.5417213439941406	3.354104518890381	1.8314214476439825	0.5261009342204354	0.5038706477704589	PLANet_Uw_complex_6A_4	CASF_v16_intersected_Uw_original	PLANet	complex
PLANet_Uw_complex_6A_5_valid	0.6080536293507228	0.6592620611190796	0.7632920145988464	0.8736658483647203	0.7838175360459732	0.7647308204567513	PLANet_Uw_complex_6A_5	valid	PLANet	complex
PLANet_Uw_complex_6A_5_train	0.7883071815825538	0.48948270082473755	0.4106296896934509	0.6408039401357103	0.8889261851172657	0.8779117606563752	PLANet_Uw_complex_6A_5	train	PLANet	complex
PLANet_Uw_complex_6A_5_test	0.6209643084602858	0.6501405239105225	0.7537380456924438	0.8681808830494046	0.7907756604465058	0.7753065855798095	PLANet_Uw_complex_6A_5	test	PLANet	complex
PLANet_Uw_complex_6A_5_CASF_v16_minimized	0.44718616844349857	1.2362545728683472	2.604391098022461	1.613812596933876	0.6850202640178855	0.6744214709562556	PLANet_Uw_complex_6A_5	CASF_v16_minimized	PLANet	complex
PLANet_Uw_complex_6A_5_CASF_v16_intersected_Uw_minimized	0.6844784953825838	0.9429953694343567	1.3698644638061523	1.1704120914473468	0.858021386797074	0.8125675698736442	PLANet_Uw_complex_6A_5	CASF_v16_intersected_Uw_minimized	PLANet	complex
PLANet_Uw_complex_6A_5_CASF_v16_original	0.21908968108839588	1.4913948774337769	3.6789894104003906	1.9180691881161094	0.5448995475234918	0.5633154717571	PLANet_Uw_complex_6A_5	CASF_v16_original	PLANet	complex
PLANet_Uw_complex_6A_5_CASF_v16_intersected_Uw_original	0.3453402199600063	1.3334205150604248	2.8422632217407227	1.6859013084225074	0.6023767269226659	0.5683932680720182	PLANet_Uw_complex_6A_5	CASF_v16_intersected_Uw_original	PLANet	complex
PLANet_Uw_lig_alone_1_valid	0.5543975185753307	0.6985489130020142	0.8480315804481506	0.9208863015856793	0.7513867341732595	0.733981060971221	PLANet_Uw_lig_alone_1	valid	PLANet	ligand_alone
PLANet_Uw_lig_alone_1_train	0.7739979126530249	0.5080369114875793	0.43854230642318726	0.6622252686383896	0.8798129935442891	0.8677478522859389	PLANet_Uw_lig_alone_1	train	PLANet	ligand_alone
PLANet_Uw_lig_alone_1_test	0.5659840065065395	0.7040804624557495	0.8791776895523071	0.9376447565855136	0.7574132195452334	0.7378079558732425	PLANet_Uw_lig_alone_1	test	PLANet	ligand_alone
PLANet_Uw_lig_alone_1_CASF_v16_minimized	0.44617822253259964	1.2637279033660889	2.609139919281006	1.6152832319073351	0.6788753724850323	0.6680595006342648	PLANet_Uw_lig_alone_1	CASF_v16_minimized	PLANet	ligand_alone
PLANet_Uw_lig_alone_1_CASF_v16_intersected_Uw_minimized	0.6245244864363262	1.005005955696106	1.6301600933074951	1.2767772293189972	0.8260322589496222	0.7927487524227341	PLANet_Uw_lig_alone_1	CASF_v16_intersected_Uw_minimized	PLANet	ligand_alone
PLANet_Uw_lig_alone_1_CASF_v16_original	0.3361879539477739	1.4153995513916016	3.1273210048675537	1.7684233104286862	0.6164504102998011	0.6110804036335222	PLANet_Uw_lig_alone_1	CASF_v16_original	PLANet	ligand_alone
PLANet_Uw_lig_alone_1_CASF_v16_intersected_Uw_original	0.3986815087503113	1.3090969324111938	2.6106772422790527	1.6157590297686881	0.7246260057472717	0.7057676991268329	PLANet_Uw_lig_alone_1	CASF_v16_intersected_Uw_original	PLANet	ligand_alone
PLANet_Uw_lig_alone_2_valid	0.5721073640614066	0.6847821474075317	0.827501118183136	0.9096708845418413	0.7605994215948381	0.7334326319761396	PLANet_Uw_lig_alone_2	valid	PLANet	ligand_alone
PLANet_Uw_lig_alone_2_train	0.8126549138480089	0.4649486839771271	0.3663218915462494	0.6052453151791011	0.9020577056798795	0.8911898083376579	PLANet_Uw_lig_alone_2	train	PLANet	ligand_alone
PLANet_Uw_lig_alone_2_test	0.5600763931050188	0.6878340244293213	0.825885534286499	0.9087824460708399	0.7556003653871031	0.7377291214329627	PLANet_Uw_lig_alone_2	test	PLANet	ligand_alone
PLANet_Uw_lig_alone_2_CASF_v16_minimized	0.468556808348188	1.2175896167755127	2.5037107467651367	1.5823118361325421	0.6931458859332369	0.6901378315377961	PLANet_Uw_lig_alone_2	CASF_v16_minimized	PLANet	ligand_alone
PLANet_Uw_lig_alone_2_CASF_v16_intersected_Uw_minimized	0.6665099794909565	0.9348007440567017	1.4478763341903687	1.203277330539543	0.8570303901075531	0.8453082720850024	PLANet_Uw_lig_alone_2	CASF_v16_intersected_Uw_minimized	PLANet	ligand_alone
PLANet_Uw_lig_alone_2_CASF_v16_original	0.302642959711775	1.439216136932373	3.2853567600250244	1.8125553122663662	0.5757949619593999	0.5770010302415617	PLANet_Uw_lig_alone_2	CASF_v16_original	PLANet	ligand_alone
PLANet_Uw_lig_alone_2_CASF_v16_intersected_Uw_original	0.36454549683080184	1.287711262702942	2.7588822841644287	1.660988345583565	0.6743996434186417	0.6423577418794558	PLANet_Uw_lig_alone_2	CASF_v16_intersected_Uw_original	PLANet	ligand_alone
PLANet_Uw_lig_alone_3_valid	0.5431196396908671	0.7068952322006226	0.8557193875312805	0.9250510188801916	0.7447558247111973	0.7233401183115545	PLANet_Uw_lig_alone_3	valid	PLANet	ligand_alone
PLANet_Uw_lig_alone_3_train	0.7824263885844939	0.5050193071365356	0.42542484402656555	0.6522459996248084	0.88913159646472	0.8775153239616573	PLANet_Uw_lig_alone_3	train	PLANet	ligand_alone
PLANet_Uw_lig_alone_3_test	0.5524890438749659	0.7105289101600647	0.8670704364776611	0.9311661701746156	0.7506317258136512	0.7338085752652929	PLANet_Uw_lig_alone_3	test	PLANet	ligand_alone
PLANet_Uw_lig_alone_3_CASF_v16_minimized	0.43820013673271163	1.2876899242401123	2.64672589302063	1.6268761148350017	0.6714540243740845	0.6678337407585079	PLANet_Uw_lig_alone_3	CASF_v16_minimized	PLANet	ligand_alone
PLANet_Uw_lig_alone_3_CASF_v16_intersected_Uw_minimized	0.5995031830966745	1.0423396825790405	1.7387921810150146	1.31863269374569	0.8276875789015611	0.8175982272994675	PLANet_Uw_lig_alone_3	CASF_v16_intersected_Uw_minimized	PLANet	ligand_alone
PLANet_Uw_lig_alone_3_CASF_v16_original	0.2108721952595627	1.5110570192337036	3.717702865600586	1.9281345558857104	0.4833921837616535	0.4812757325664203	PLANet_Uw_lig_alone_3	CASF_v16_original	PLANet	ligand_alone
PLANet_Uw_lig_alone_3_CASF_v16_intersected_Uw_original	0.2877019788207519	1.3894084692001343	3.0925045013427734	1.7585518193510175	0.6432568824836435	0.6278418291974136	PLANet_Uw_lig_alone_3	CASF_v16_intersected_Uw_original	PLANet	ligand_alone
PLANet_Uw_lig_alone_4_valid	0.5729225038630039	0.6985832452774048	0.8485531806945801	0.9211694636138239	0.7599247590288306	0.7409581021438122	PLANet_Uw_lig_alone_4	valid	PLANet	ligand_alone
PLANet_Uw_lig_alone_4_train	0.801596765585555	0.4778618812561035	0.38511791825294495	0.6205786962609536	0.8961093425666629	0.884208086286171	PLANet_Uw_lig_alone_4	train	PLANet	ligand_alone
PLANet_Uw_lig_alone_4_test	0.551702178141222	0.7069141268730164	0.8687705993652344	0.9320786444100274	0.7500322223866843	0.7264591368192882	PLANet_Uw_lig_alone_4	test	PLANet	ligand_alone
PLANet_Uw_lig_alone_4_CASF_v16_minimized	0.4624369140991279	1.238018274307251	2.5325427055358887	1.591396463969896	0.6876531325701363	0.6814360972680925	PLANet_Uw_lig_alone_4	CASF_v16_minimized	PLANet	ligand_alone
PLANet_Uw_lig_alone_4_CASF_v16_intersected_Uw_minimized	0.6108617888146455	1.017673134803772	1.6894779205322266	1.2997991846944	0.8069007980155698	0.7578853100583621	PLANet_Uw_lig_alone_4	CASF_v16_intersected_Uw_minimized	PLANet	ligand_alone
PLANet_Uw_lig_alone_4_CASF_v16_original	0.2897936262345041	1.4388914108276367	3.3458917140960693	1.8291778792933369	0.5621807459276005	0.5480612579705935	PLANet_Uw_lig_alone_4	CASF_v16_original	PLANet	ligand_alone
PLANet_Uw_lig_alone_4_CASF_v16_intersected_Uw_original	0.3818711193187918	1.286341667175293	2.6836609840393066	1.6381883237403772	0.6642420917993151	0.601118187828707	PLANet_Uw_lig_alone_4	CASF_v16_intersected_Uw_original	PLANet	ligand_alone
PLANet_Uw_lig_alone_5_valid	0.5670687258381124	0.6971966028213501	0.8431075811386108	0.9182088984205123	0.7575267075828624	0.7368194983593294	PLANet_Uw_lig_alone_5	valid	PLANet	ligand_alone
PLANet_Uw_lig_alone_5_train	0.8085175331059266	0.46823400259017944	0.3714268207550049	0.6094479639436043	0.9000286770073345	0.8870261360646302	PLANet_Uw_lig_alone_5	train	PLANet	ligand_alone
PLANet_Uw_lig_alone_5_test	0.5697372053493234	0.6990917921066284	0.8556065559387207	0.9249900301834181	0.7586170634429051	0.741197421547737	PLANet_Uw_lig_alone_5	test	PLANet	ligand_alone
PLANet_Uw_lig_alone_5_CASF_v16_minimized	0.49734009513755384	1.1815286874771118	2.3681082725524902	1.5388659046689188	0.7105978188566352	0.690505630922066	PLANet_Uw_lig_alone_5	CASF_v16_minimized	PLANet	ligand_alone
PLANet_Uw_lig_alone_5_CASF_v16_intersected_Uw_minimized	0.6429191266566909	0.9367665648460388	1.5502980947494507	1.2451096717757237	0.835690290658162	0.8086850860250089	PLANet_Uw_lig_alone_5	CASF_v16_intersected_Uw_minimized	PLANet	ligand_alone
PLANet_Uw_lig_alone_5_CASF_v16_original	0.42187532367695746	1.3038851022720337	2.7236344814300537	1.6503437464449804	0.662362081563473	0.6533610034650063	PLANet_Uw_lig_alone_5	CASF_v16_original	PLANet	ligand_alone
PLANet_Uw_lig_alone_5_CASF_v16_intersected_Uw_original	0.4878898618428431	1.1738817691802979	2.2233712673187256	1.4910973366345759	0.7613034177095568	0.7219526063901482	PLANet_Uw_lig_alone_5	CASF_v16_intersected_Uw_original	PLANet	ligand_alone
PDBbind_minimized_intersected_Uw_union_Uw_complex_6A_1_valid	0.6159902957538783	0.6575060486793518	0.7499955892562866	0.8660228572366243	0.7877738490229869	0.7667741059288002	PDBbind_minimized_intersected_Uw_union_Uw_complex_6A_1	valid	PIPUP	complex
PDBbind_minimized_intersected_Uw_union_Uw_complex_6A_1_train	0.8189390703511072	0.46083706617355347	0.3623867332935333	0.6019856587108477	0.9055825864295014	0.8948886926850037	PDBbind_minimized_intersected_Uw_union_Uw_complex_6A_1	train	PIPUP	complex
PDBbind_minimized_intersected_Uw_union_Uw_complex_6A_1_test	0.618616202804764	0.6675657629966736	0.7864527106285095	0.88682169043642	0.7885102961345554	0.7676259569332893	PDBbind_minimized_intersected_Uw_union_Uw_complex_6A_1	test	PIPUP	complex
PDBbind_minimized_intersected_Uw_union_Uw_complex_6A_1_CASF_v16_minimized	0.5573776502657753	1.1162060499191284	2.0852620601654053	1.4440436489820538	0.75376327104128	0.7514162156328904	PDBbind_minimized_intersected_Uw_union_Uw_complex_6A_1	CASF_v16_minimized	PIPUP	complex
PDBbind_minimized_intersected_Uw_union_Uw_complex_6A_1_CASF_v16_intersected_Uw_minimized	0.6918373973804879	0.884019672870636	1.3379151821136475	1.1566828355749244	0.8652670076100102	0.8414731356003746	PDBbind_minimized_intersected_Uw_union_Uw_complex_6A_1	CASF_v16_intersected_Uw_minimized	PIPUP	complex
PDBbind_minimized_intersected_Uw_union_Uw_complex_6A_1_CASF_v16_original	0.2880181054562907	1.4785184860229492	3.3542563915252686	1.8314629102237556	0.5453409168016077	0.5408812644937361	PDBbind_minimized_intersected_Uw_union_Uw_complex_6A_1	CASF_v16_original	PIPUP	complex
PDBbind_minimized_intersected_Uw_union_Uw_complex_6A_1_CASF_v16_intersected_Uw_original	0.3213330537920679	1.3777275085449219	2.9464919567108154	1.7165348690634907	0.5939838525444687	0.5455481649382795	PDBbind_minimized_intersected_Uw_union_Uw_complex_6A_1	CASF_v16_intersected_Uw_original	PIPUP	complex
PDBbind_minimized_intersected_Uw_union_Uw_complex_6A_2_valid	0.6299654976159079	0.653961181640625	0.7537455558776855	0.8681852082808631	0.7962481307101115	0.7752603183903569	PDBbind_minimized_intersected_Uw_union_Uw_complex_6A_2	valid	PIPUP	complex
PDBbind_minimized_intersected_Uw_union_Uw_complex_6A_2_train	0.8133839282482144	0.46828386187553406	0.3740062117576599	0.6115604726906898	0.9021971546508032	0.8899748825708453	PDBbind_minimized_intersected_Uw_union_Uw_complex_6A_2	train	PIPUP	complex
PDBbind_minimized_intersected_Uw_union_Uw_complex_6A_2_test	0.6051784168405616	0.6619294881820679	0.772335946559906	0.8788264598656017	0.7821497723601654	0.7655235561702116	PDBbind_minimized_intersected_Uw_union_Uw_complex_6A_2	test	PIPUP	complex
PDBbind_minimized_intersected_Uw_union_Uw_complex_6A_2_CASF_v16_minimized	0.5332705165175176	1.1447383165359497	2.1988346576690674	1.4828468085642115	0.7330146566944655	0.7191338493805659	PDBbind_minimized_intersected_Uw_union_Uw_complex_6A_2	CASF_v16_minimized	PIPUP	complex
PDBbind_minimized_intersected_Uw_union_Uw_complex_6A_2_CASF_v16_intersected_Uw_minimized	0.7131376693156384	0.8857622146606445	1.2454380989074707	1.1159919797684348	0.8749046290227191	0.8512385294269728	PDBbind_minimized_intersected_Uw_union_Uw_complex_6A_2	CASF_v16_intersected_Uw_minimized	PIPUP	complex
PDBbind_minimized_intersected_Uw_union_Uw_complex_6A_2_CASF_v16_original	0.1872658582993989	1.5302917957305908	3.828915596008301	1.9567615071868878	0.49784020136597473	0.48006269442802485	PDBbind_minimized_intersected_Uw_union_Uw_complex_6A_2	CASF_v16_original	PIPUP	complex
PDBbind_minimized_intersected_Uw_union_Uw_complex_6A_2_CASF_v16_intersected_Uw_original	0.30965580149894967	1.342045545578003	2.997190237045288	1.7312395088621586	0.5613764657646141	0.5233304143776436	PDBbind_minimized_intersected_Uw_union_Uw_complex_6A_2	CASF_v16_intersected_Uw_original	PIPUP	complex
PDBbind_minimized_intersected_Uw_union_Uw_complex_6A_3_valid	0.6218535145348174	0.6559855937957764	0.7570358514785767	0.8700780720593851	0.7933867374835806	0.7686082402905132	PDBbind_minimized_intersected_Uw_union_Uw_complex_6A_3	valid	PIPUP	complex
PDBbind_minimized_intersected_Uw_union_Uw_complex_6A_3_train	0.854910207841683	0.4173310697078705	0.29156169295310974	0.539964529347169	0.9253192019364999	0.9146349611470119	PDBbind_minimized_intersected_Uw_union_Uw_complex_6A_3	train	PIPUP	complex
PDBbind_minimized_intersected_Uw_union_Uw_complex_6A_3_test	0.5937547029518104	0.6658875346183777	0.7915588617324829	0.8896959377969997	0.7797921467724871	0.759707094191082	PDBbind_minimized_intersected_Uw_union_Uw_complex_6A_3	test	PIPUP	complex
PDBbind_minimized_intersected_Uw_union_Uw_complex_6A_3_CASF_v16_minimized	0.43297552655490035	1.2069306373596191	2.671339750289917	1.6344233693538273	0.6880497393772566	0.6878522395924175	PDBbind_minimized_intersected_Uw_union_Uw_complex_6A_3	CASF_v16_minimized	PIPUP	complex
PDBbind_minimized_intersected_Uw_union_Uw_complex_6A_3_CASF_v16_intersected_Uw_minimized	0.7080046641419344	0.8673809170722961	1.267723560333252	1.1259323071718175	0.8782336948003557	0.8585892076891757	PDBbind_minimized_intersected_Uw_union_Uw_complex_6A_3	CASF_v16_intersected_Uw_minimized	PIPUP	complex
PDBbind_minimized_intersected_Uw_union_Uw_complex_6A_3_CASF_v16_original	0.19533234311594116	1.529133677482605	3.7909135818481445	1.9470268569919995	0.5111358785074437	0.50982126744241	PDBbind_minimized_intersected_Uw_union_Uw_complex_6A_3	CASF_v16_original	PIPUP	complex
PDBbind_minimized_intersected_Uw_union_Uw_complex_6A_3_CASF_v16_intersected_Uw_original	0.2845264930153546	1.352832555770874	3.1062912940979004	1.7624673880948551	0.5897972259388489	0.5154628607250228	PDBbind_minimized_intersected_Uw_union_Uw_complex_6A_3	CASF_v16_intersected_Uw_original	PIPUP	complex
PDBbind_minimized_intersected_Uw_union_Uw_complex_6A_4_valid	0.6152202226929042	0.651823878288269	0.7534793615341187	0.8680318896988282	0.7894874020248535	0.7704607300418415	PDBbind_minimized_intersected_Uw_union_Uw_complex_6A_4	valid	PIPUP	complex
PDBbind_minimized_intersected_Uw_union_Uw_complex_6A_4_train	0.8301722195918079	0.44892606139183044	0.3408122956752777	0.5837913117504214	0.9125365503081203	0.9010199127577071	PDBbind_minimized_intersected_Uw_union_Uw_complex_6A_4	train	PIPUP	complex
PDBbind_minimized_intersected_Uw_union_Uw_complex_6A_4_test	0.6225612973793865	0.6586220860481262	0.7602848410606384	0.8719431409562429	0.7930070268930571	0.773883236715922	PDBbind_minimized_intersected_Uw_union_Uw_complex_6A_4	test	PIPUP	complex
PDBbind_minimized_intersected_Uw_union_Uw_complex_6A_4_CASF_v16_minimized	0.5135590046159135	1.1432349681854248	2.291698694229126	1.5138357553675121	0.7315959768029707	0.7453157742599683	PDBbind_minimized_intersected_Uw_union_Uw_complex_6A_4	CASF_v16_minimized	PIPUP	complex
PDBbind_minimized_intersected_Uw_union_Uw_complex_6A_4_CASF_v16_intersected_Uw_minimized	0.6832525704957629	0.894020676612854	1.3751869201660156	1.1726836402738872	0.8615752819119065	0.8250396546760186	PDBbind_minimized_intersected_Uw_union_Uw_complex_6A_4	CASF_v16_intersected_Uw_minimized	PIPUP	complex
PDBbind_minimized_intersected_Uw_union_Uw_complex_6A_4_CASF_v16_original	0.27742103203284985	1.4462414979934692	3.4041807651519775	1.84504221229542	0.5717727949366613	0.5708933313755037	PDBbind_minimized_intersected_Uw_union_Uw_complex_6A_4	CASF_v16_original	PIPUP	complex
PDBbind_minimized_intersected_Uw_union_Uw_complex_6A_4_CASF_v16_intersected_Uw_original	0.43467778361987175	1.1965246200561523	2.4543964862823486	1.5666513607954862	0.677991639771709	0.6276327116730461	PDBbind_minimized_intersected_Uw_union_Uw_complex_6A_4	CASF_v16_intersected_Uw_original	PIPUP	complex
PDBbind_minimized_intersected_Uw_union_Uw_complex_6A_5_valid	0.6240799805367954	0.6480730175971985	0.7499141693115234	0.8659758479954989	0.7943519998918103	0.7744099679229656	PDBbind_minimized_intersected_Uw_union_Uw_complex_6A_5	valid	PIPUP	complex
PDBbind_minimized_intersected_Uw_union_Uw_complex_6A_5_train	0.8198882036050931	0.4576711654663086	0.36074844002723694	0.6006233761911344	0.9062776430864679	0.8959241480079664	PDBbind_minimized_intersected_Uw_union_Uw_complex_6A_5	train	PIPUP	complex
PDBbind_minimized_intersected_Uw_union_Uw_complex_6A_5_test	0.6398218788213872	0.6423525810241699	0.7235897779464722	0.8506408043037156	0.8030944202229939	0.781263478195027	PDBbind_minimized_intersected_Uw_union_Uw_complex_6A_5	test	PIPUP	complex
PDBbind_minimized_intersected_Uw_union_Uw_complex_6A_5_CASF_v16_minimized	0.474174901971823	1.2010219097137451	2.477243185043335	1.5739260417959082	0.7001821068530522	0.6977304653386548	PDBbind_minimized_intersected_Uw_union_Uw_complex_6A_5	CASF_v16_minimized	PIPUP	complex
PDBbind_minimized_intersected_Uw_union_Uw_complex_6A_5_CASF_v16_intersected_Uw_minimized	0.7307086083449557	0.8499202132225037	1.1691522598266602	1.0812734435963274	0.8772586614202508	0.8519921416374294	PDBbind_minimized_intersected_Uw_union_Uw_complex_6A_5	CASF_v16_intersected_Uw_minimized	PIPUP	complex
PDBbind_minimized_intersected_Uw_union_Uw_complex_6A_5_CASF_v16_original	0.33584137810152637	1.4064052104949951	3.128953695297241	1.7688848733869713	0.6011324625221603	0.5912275311608164	PDBbind_minimized_intersected_Uw_union_Uw_complex_6A_5	CASF_v16_original	PIPUP	complex
PDBbind_minimized_intersected_Uw_union_Uw_complex_6A_5_CASF_v16_intersected_Uw_original	0.5522159231941869	1.100320816040039	1.9440940618515015	1.3943077357066844	0.7543591365388964	0.6984564770013031	PDBbind_minimized_intersected_Uw_union_Uw_complex_6A_5	CASF_v16_intersected_Uw_original	PIPUP	complex
PDBbind_minimized_intersected_Uw_union_Uw_lig_alone_1_valid	0.583404843180348	0.6837114095687866	0.8136370778083801	0.9020183356275969	0.7683904941524302	0.7451484598922633	PDBbind_minimized_intersected_Uw_union_Uw_lig_alone_1	valid	PIPUP	ligand_alone
PDBbind_minimized_intersected_Uw_union_Uw_lig_alone_1_train	0.8199946475572271	0.4588063061237335	0.36027398705482483	0.600228279119557	0.9064320142933426	0.8952957956766778	PDBbind_minimized_intersected_Uw_union_Uw_lig_alone_1	train	PIPUP	ligand_alone
PDBbind_minimized_intersected_Uw_union_Uw_lig_alone_1_test	0.5915588547040173	0.6940264701843262	0.8422477841377258	0.917740586515452	0.7730099205134726	0.7523891995141352	PDBbind_minimized_intersected_Uw_union_Uw_lig_alone_1	test	PIPUP	ligand_alone
PDBbind_minimized_intersected_Uw_union_Uw_lig_alone_1_CASF_v16_minimized	0.43155749828212	1.2517565488815308	2.678020477294922	1.6364658497185092	0.6684905052048533	0.6530274179769475	PDBbind_minimized_intersected_Uw_union_Uw_lig_alone_1	CASF_v16_minimized	PIPUP	ligand_alone
PDBbind_minimized_intersected_Uw_union_Uw_lig_alone_1_CASF_v16_intersected_Uw_minimized	0.6149220789166887	0.9643381237983704	1.6718496084213257	1.2930002352750465	0.8137953940102696	0.756709517185503	PDBbind_minimized_intersected_Uw_union_Uw_lig_alone_1	CASF_v16_intersected_Uw_minimized	PIPUP	ligand_alone
PDBbind_minimized_intersected_Uw_union_Uw_lig_alone_1_CASF_v16_original	0.2214802451993576	1.5518158674240112	3.667726755142212	1.9151310020837249	0.5138250012323902	0.4809400735088942	PDBbind_minimized_intersected_Uw_union_Uw_lig_alone_1	CASF_v16_original	PIPUP	ligand_alone
PDBbind_minimized_intersected_Uw_union_Uw_lig_alone_1_CASF_v16_intersected_Uw_original	0.2514035077808092	1.4949787855148315	3.2500972747802734	1.802802616699974	0.5783319913788614	0.5013809655463848	PDBbind_minimized_intersected_Uw_union_Uw_lig_alone_1	CASF_v16_intersected_Uw_original	PIPUP	ligand_alone
PDBbind_minimized_intersected_Uw_union_Uw_lig_alone_2_valid	0.5822879408295254	0.7023900151252747	0.8508627414703369	0.9224222143196341	0.7656048812488243	0.7391405757475136	PDBbind_minimized_intersected_Uw_union_Uw_lig_alone_2	valid	PIPUP	ligand_alone
PDBbind_minimized_intersected_Uw_union_Uw_lig_alone_2_train	0.8070733562806865	0.47753003239631653	0.38665348291397095	0.6218146692656671	0.8998298794915695	0.8882007847430282	PDBbind_minimized_intersected_Uw_union_Uw_lig_alone_2	train	PIPUP	ligand_alone
PDBbind_minimized_intersected_Uw_union_Uw_lig_alone_2_test	0.5773056356679254	0.6839732527732849	0.8268595933914185	0.909318202496474	0.7628997136869768	0.7478213728502242	PDBbind_minimized_intersected_Uw_union_Uw_lig_alone_2	test	PIPUP	ligand_alone
PDBbind_minimized_intersected_Uw_union_Uw_lig_alone_2_CASF_v16_minimized	0.4322397884569442	1.2905641794204712	2.6748058795928955	1.635483377962887	0.6735998374828801	0.6421238121291094	PDBbind_minimized_intersected_Uw_union_Uw_lig_alone_2	CASF_v16_minimized	PIPUP	ligand_alone
PDBbind_minimized_intersected_Uw_union_Uw_lig_alone_2_CASF_v16_intersected_Uw_minimized	0.5800362707686629	1.074271559715271	1.8233094215393066	1.3502997524769478	0.8194522166290928	0.7960472854486074	PDBbind_minimized_intersected_Uw_union_Uw_lig_alone_2	CASF_v16_intersected_Uw_minimized	PIPUP	ligand_alone
PDBbind_minimized_intersected_Uw_union_Uw_lig_alone_2_CASF_v16_original	0.24088119761984272	1.4757380485534668	3.5763256549835205	1.8911175677317158	0.5200397200172726	0.5092585525282098	PDBbind_minimized_intersected_Uw_union_Uw_lig_alone_2	CASF_v16_original	PIPUP	ligand_alone
PDBbind_minimized_intersected_Uw_union_Uw_lig_alone_2_CASF_v16_intersected_Uw_original	0.40960806852607634	1.333324909210205	2.5632386207580566	1.6010117491005669	0.6904315558857617	0.6534843724212767	PDBbind_minimized_intersected_Uw_union_Uw_lig_alone_2	CASF_v16_intersected_Uw_original	PIPUP	ligand_alone
PDBbind_minimized_intersected_Uw_union_Uw_lig_alone_3_valid	0.575357132831509	0.6929877996444702	0.850119948387146	0.9220194945808607	0.7645604792344353	0.7408559508022543	PDBbind_minimized_intersected_Uw_union_Uw_lig_alone_3	valid	PIPUP	ligand_alone
PDBbind_minimized_intersected_Uw_union_Uw_lig_alone_3_train	0.845656943962998	0.4265809655189514	0.31015631556510925	0.5569167941130069	0.9204933535009446	0.9102061767923629	PDBbind_minimized_intersected_Uw_union_Uw_lig_alone_3	train	PIPUP	ligand_alone
PDBbind_minimized_intersected_Uw_union_Uw_lig_alone_3_test	0.5747002811159037	0.6851397752761841	0.8286859393119812	0.9103218877473952	0.7649406671498769	0.7474824600632632	PDBbind_minimized_intersected_Uw_union_Uw_lig_alone_3	test	PIPUP	ligand_alone
PDBbind_minimized_intersected_Uw_union_Uw_lig_alone_3_CASF_v16_minimized	0.47144773299424936	1.2248650789260864	2.490091323852539	1.5780023206106317	0.6909053840680014	0.6829194770257927	PDBbind_minimized_intersected_Uw_union_Uw_lig_alone_3	CASF_v16_minimized	PIPUP	ligand_alone
PDBbind_minimized_intersected_Uw_union_Uw_lig_alone_3_CASF_v16_intersected_Uw_minimized	0.6868735605216704	0.9283334612846375	1.3594660758972168	1.1659614384263386	0.8653673620146514	0.8429290670436129	PDBbind_minimized_intersected_Uw_union_Uw_lig_alone_3	CASF_v16_intersected_Uw_minimized	PIPUP	ligand_alone
PDBbind_minimized_intersected_Uw_union_Uw_lig_alone_3_CASF_v16_original	0.3133757232952913	1.4273773431777954	3.234792947769165	1.7985530150009938	0.5790098199339295	0.5660251086585499	PDBbind_minimized_intersected_Uw_union_Uw_lig_alone_3	CASF_v16_original	PIPUP	ligand_alone
PDBbind_minimized_intersected_Uw_union_Uw_lig_alone_3_CASF_v16_intersected_Uw_original	0.3793438338120054	1.283024787902832	2.6946334838867188	1.641533881431242	0.6809290877808449	0.6602155893377116	PDBbind_minimized_intersected_Uw_union_Uw_lig_alone_3	CASF_v16_intersected_Uw_original	PIPUP	ligand_alone
PDBbind_minimized_intersected_Uw_union_Uw_lig_alone_4_valid	0.5756031384356096	0.6908213496208191	0.8310579061508179	0.9116237744545816	0.7642268466876404	0.7412357905440835	PDBbind_minimized_intersected_Uw_union_Uw_lig_alone_4	valid	PIPUP	ligand_alone
PDBbind_minimized_intersected_Uw_union_Uw_lig_alone_4_train	0.8274128416665575	0.4529249966144562	0.3463498055934906	0.5885149153534603	0.911344695153143	0.9017130221231728	PDBbind_minimized_intersected_Uw_union_Uw_lig_alone_4	train	PIPUP	ligand_alone
PDBbind_minimized_intersected_Uw_union_Uw_lig_alone_4_test	0.58866550549272	0.689234733581543	0.8285620212554932	0.910253822433882	0.7729473029965721	0.7499073843788149	PDBbind_minimized_intersected_Uw_union_Uw_lig_alone_4	test	PIPUP	ligand_alone
PDBbind_minimized_intersected_Uw_union_Uw_lig_alone_4_CASF_v16_minimized	0.459253502863733	1.227645754814148	2.5475401878356934	1.596101559373868	0.6848873095009812	0.6784465284885512	PDBbind_minimized_intersected_Uw_union_Uw_lig_alone_4	CASF_v16_minimized	PIPUP	ligand_alone
PDBbind_minimized_intersected_Uw_union_Uw_lig_alone_4_CASF_v16_intersected_Uw_minimized	0.6491875929472404	0.9577541947364807	1.5230830907821655	1.2341325256155296	0.8463927273974063	0.8299913998284957	PDBbind_minimized_intersected_Uw_union_Uw_lig_alone_4	CASF_v16_intersected_Uw_minimized	PIPUP	ligand_alone
PDBbind_minimized_intersected_Uw_union_Uw_lig_alone_4_CASF_v16_original	0.3702531087887023	1.3546305894851685	2.966834783554077	1.7224502267276338	0.619056210548999	0.6047311339245187	PDBbind_minimized_intersected_Uw_union_Uw_lig_alone_4	CASF_v16_original	PIPUP	ligand_alone
PDBbind_minimized_intersected_Uw_union_Uw_lig_alone_4_CASF_v16_intersected_Uw_original	0.43079619602997177	1.2638630867004395	2.4712483882904053	1.5720204796027326	0.7240370464715273	0.6863316062016522	PDBbind_minimized_intersected_Uw_union_Uw_lig_alone_4	CASF_v16_intersected_Uw_original	PIPUP	ligand_alone
PDBbind_minimized_intersected_Uw_union_Uw_lig_alone_5_valid	0.584339793609062	0.6914350986480713	0.8291909694671631	0.9105992364740721	0.7697784799347713	0.7488022265683923	PDBbind_minimized_intersected_Uw_union_Uw_lig_alone_5	valid	PIPUP	ligand_alone
PDBbind_minimized_intersected_Uw_union_Uw_lig_alone_5_train	0.8196661248053898	0.45925024151802063	0.3611932396888733	0.6009935437996595	0.9056936088290679	0.8951393485168619	PDBbind_minimized_intersected_Uw_union_Uw_lig_alone_5	train	PIPUP	ligand_alone
PDBbind_minimized_intersected_Uw_union_Uw_lig_alone_5_test	0.5932836564603612	0.6802240014076233	0.817084014415741	0.9039269961759859	0.7760792053753537	0.7550642766488566	PDBbind_minimized_intersected_Uw_union_Uw_lig_alone_5	test	PIPUP	ligand_alone
PDBbind_minimized_intersected_Uw_union_Uw_lig_alone_5_CASF_v16_minimized	0.5002293192155713	1.211063265800476	2.354496717453003	1.5344369382457537	0.7100963392425746	0.7043249346371713	PDBbind_minimized_intersected_Uw_union_Uw_lig_alone_5	CASF_v16_minimized	PIPUP	ligand_alone
PDBbind_minimized_intersected_Uw_union_Uw_lig_alone_5_CASF_v16_intersected_Uw_minimized	0.6497442348862663	0.9743806719779968	1.520666241645813	1.2331529676588435	0.8339240316013681	0.8155820187154708	PDBbind_minimized_intersected_Uw_union_Uw_lig_alone_5	CASF_v16_intersected_Uw_minimized	PIPUP	ligand_alone
PDBbind_minimized_intersected_Uw_union_Uw_lig_alone_5_CASF_v16_original	0.3316200939314189	1.4220446348190308	3.14884090423584	1.7744973666466344	0.5809399433943677	0.5850428510282834	PDBbind_minimized_intersected_Uw_union_Uw_lig_alone_5	CASF_v16_original	PIPUP	ligand_alone
PDBbind_minimized_intersected_Uw_union_Uw_lig_alone_5_CASF_v16_intersected_Uw_original	0.36483166146568147	1.3511024713516235	2.757639169692993	1.6606140941510141	0.6474144374475425	0.6059949663215051	PDBbind_minimized_intersected_Uw_union_Uw_lig_alone_5	CASF_v16_intersected_Uw_original	PIPUP	ligand_alone
